"Industry Title","Industry Code","Industry Type","2023 Employment","2023 Percent of Occupation","2023 Percent of Industry","Projected 2033 Employment","Projected 2033 Percent of Occupation","Projected 2033 Percent of Industry","Employment Change, 2023-2033","Employment Percent Change, 2023-2033","Industry Sort","Display Level"
"Total employment","=""TE1000""","Summary","1,692.1","100.0","1.0","1,995.7","100.0","1.1","303.7","17.9","","0"
"Self-employed workers","=""TE1100""","Line Item","19.4","1.1","0.2","16.7","0.8","0.2","-2.7","-13.8","2","1"
"Total wage and salary employment","=""TE1200""","Summary","1,672.7","98.9","1.1","1,979.0","99.2","1.2","306.3","18.3","3","1"
"Agriculture, forestry, fishing and hunting","=""110000""","Summary","1.5","0.1","0.1","1.7","0.1","0.1","0.2","10.2","4","2"
"Crop production","=""111000""","Line Item","0.4","0.0","0.0","0.4","0.0","0.0","0.1","13.2","5","3"
"Support activities for agriculture and forestry","=""115000""","Line Item","1.2","0.1","0.9","1.3","0.1","1.0","0.1","9.2","11","3"
"Mining, quarrying, and oil and gas extraction","=""210000""","Summary","0.8","0.1","0.1","0.9","0.0","0.1","0.0","4.1","12","2"
"Oil and gas extraction","=""211000""","Line Item","0.5","0.0","0.4","0.5","0.0","0.5","0.0","-0.5","13","3"
"Support activities for mining","=""213000""","Line Item","0.3","0.0","0.1","0.3","0.0","0.1","0.0","12.5","18","3"
"Utilities","=""220000""","Summary","2.4","0.1","0.4","2.8","0.1","0.4","0.3","14.4","19","2"
"Utilities","=""221000""","Summary","2.4","0.1","0.4","2.8","0.1","0.4","0.3","14.4","20","3"
"Electric power generation, transmission and distribution","=""221100""","Summary","1.8","0.1","0.5","2.2","0.1","0.5","0.3","18.6","21","4"
"Electric power generation","=""221110""","Summary","0.5","0.0","0.3","0.6","0.0","0.3","0.1","26.7","22","5"
"Hydroelectric power generation","=""221111""","Line Item","0.1","0.0","1.3","0.1","0.0","1.4","0.0","8.5","23","6"
"Fossil fuel electric power generation","=""221112""","Line Item","0.2","0.0","0.3","0.2","0.0","0.3","-0.1","-28.4","24","6"
"Nuclear electric power generation","=""221113""","Line Item","0.1","0.0","0.2","0.1","0.0","0.2","0.0","-11.1","25","6"
"Solar electric power generation","=""221114""","Line Item","0.1","0.0","0.5","0.2","0.0","0.5","0.2","289.8","26","6"
"Natural gas distribution","=""221200""","Line Item","0.6","0.0","0.5","0.6","0.0","0.5","0.0","1.0","32","4"
"Construction","=""230000""","Summary","2.9","0.2","0.0","3.1","0.2","0.0","0.2","8.4","34","2"
"Construction of buildings","=""236000""","Summary","0.6","0.0","0.0","0.7","0.0","0.0","0.1","9.7","35","3"
"Residential building construction","=""236100""","Line Item","0.3","0.0","0.0","0.3","0.0","0.0","0.0","8.6","36","4"
"Nonresidential building construction","=""236200""","Line Item","0.3","0.0","0.0","0.3","0.0","0.0","0.0","10.8","37","4"
"Heavy and civil engineering construction","=""237000""","Summary","0.3","0.0","0.0","0.3","0.0","0.0","0.0","10.8","38","3"
"Utility system construction","=""237100""","Summary","0.2","0.0","0.0","0.2","0.0","0.0","0.0","11.5","39","4"
"Power and communication line and related structures construction","=""237130""","Line Item","0.2","0.0","0.1","0.2","0.0","0.1","0.0","11.5","40","5"
"Highway, street, and bridge construction","=""237300""","Line Item","0.1","0.0","0.0","0.1","0.0","0.0","0.0","8.5","43","4"
"Specialty trade contractors","=""238000""","Summary","1.9","0.1","0.0","2.1","0.1","0.0","0.1","7.6","45","3"
"Building equipment contractors","=""238200""","Summary","1.8","0.1","0.1","2.0","0.1","0.1","0.1","7.5","51","4"
"Electrical contractors and other wiring installation contractors","=""238210""","Line Item","1.1","0.1","0.1","1.1","0.1","0.1","0.1","4.8","52","5"
"Plumbing, heating, and air-conditioning contractors","=""238220""","Line Item","0.6","0.0","0.0","0.6","0.0","0.0","0.1","11.4","53","5"
"Other building equipment contractors","=""238290""","Line Item","0.2","0.0","0.1","0.2","0.0","0.1","0.0","11.2","54","5"
"Other specialty trade contractors","=""238900""","Line Item","0.1","0.0","0.0","0.1","0.0","0.0","0.0","9.8","59","4"
"Manufacturing","=""31-330""","Summary","153.8","9.1","1.2","167.7","8.4","1.3","13.9","9.0","60","2"
"Food manufacturing","=""311000""","Summary","0.6","0.0","0.0","0.7","0.0","0.0","0.1","13.5","61","3"
"Grain and oilseed milling","=""311200""","Line Item","0.1","0.0","0.1","0.1","0.0","0.1","0.0","5.5","63","4"
"Fruit and vegetable preserving and specialty food manufacturing","=""311400""","Line Item","0.1","0.0","0.0","0.1","0.0","0.0","0.0","4.0","65","4"
"Dairy product manufacturing","=""311500""","Line Item","0.1","0.0","0.0","0.1","0.0","0.0","0.0","19.2","66","4"
"Bakeries and tortilla manufacturing","=""311800""","Line Item","0.1","0.0","0.0","0.1","0.0","0.0","0.0","9.5","69","4"
"Other food manufacturing","=""311900""","Line Item","0.2","0.0","0.1","0.2","0.0","0.1","0.0","20.1","70","4"
"Beverage and tobacco product manufacturing","=""312000""","Summary","0.1","0.0","0.0","0.2","0.0","0.0","0.0","27.4","71","3"
"Beverage manufacturing","=""312100""","Line Item","0.1","0.0","0.0","0.1","0.0","0.0","0.0","34.1","72","4"
"Textile mills and textile product mills","=""313-40""","Summary","0.1","0.0","0.1","0.1","0.0","0.1","0.0","-7.7","74","3"
"Textile product mills","=""314000""","Line Item","0.1","0.0","0.1","0.1","0.0","0.1","0.0","-8.0","76","4"
"Apparel, leather and allied product manufacturing","=""315-60""","Summary","0.1","0.0","0.1","0.1","0.0","0.1","0.0","-19.8","77","3"
"Apparel manufacturing","=""315000""","Line Item","0.1","0.0","0.1","0.1","0.0","0.1","0.0","-20.4","78","4"
"Wood product manufacturing","=""321000""","Summary","0.1","0.0","0.0","0.1","0.0","0.0","0.0","6.0","80","3"
"Other wood product manufacturing","=""321900""","Line Item","0.1","0.0","0.0","0.1","0.0","0.0","0.0","6.3","83","4"
"Paper manufacturing","=""322000""","Summary","0.3","0.0","0.1","0.2","0.0","0.1","0.0","-8.1","84","3"
"Pulp, paper, and paperboard mills","=""322100""","Line Item","0.1","0.0","0.1","0.0","0.0","0.1","0.0","-21.5","85","4"
"Converted paper product manufacturing","=""322200""","Line Item","0.2","0.0","0.1","0.2","0.0","0.1","0.0","-4.6","86","4"
"Printing and related support activities","=""323000""","Line Item","1.2","0.1","0.3","1.1","0.1","0.4","-0.1","-11.0","87","3"
"Petroleum and coal products manufacturing","=""324000""","Line Item","0.2","0.0","0.2","0.2","0.0","0.2","0.0","2.6","88","3"
"Chemical manufacturing","=""325000""","Summary","2.6","0.2","0.3","2.8","0.1","0.3","0.3","10.2","89","3"
"Pharmaceutical and medicine manufacturing","=""325400""","Line Item","1.6","0.1","0.4","1.7","0.1","0.5","0.2","10.8","90","4"
"Chemical manufacturing (3255,6)","=""3250A2""","Line Item","0.1","0.0","0.1","0.2","0.0","0.1","0.0","9.9","91","4"
"Chemical manufacturing (3251,2,3,9)","=""3250A1""","Line Item","0.9","0.1","0.2","1.0","0.0","0.3","0.1","9.3","92","4"
"Plastics and rubber products manufacturing","=""326000""","Summary","1.1","0.1","0.1","1.2","0.1","0.2","0.1","11.1","93","3"
"Plastics product manufacturing","=""326100""","Line Item","0.8","0.0","0.1","0.9","0.0","0.1","0.1","12.1","94","4"
"Rubber product manufacturing","=""326200""","Line Item","0.3","0.0","0.2","0.3","0.0","0.2","0.0","8.3","95","4"
"Nonmetallic mineral product manufacturing","=""327000""","Line Item","0.2","0.0","0.0","0.2","0.0","0.0","0.0","7.8","96","3"
"Primary metal manufacturing","=""331000""","Summary","0.4","0.0","0.1","0.5","0.0","0.1","0.0","6.2","97","3"
"Iron and steel mills and ferroalloy manufacturing","=""331100""","Line Item","0.1","0.0","0.2","0.2","0.0","0.2","0.0","9.1","98","4"
"Steel product manufacturing from purchased steel","=""331200""","Line Item","0.1","0.0","0.1","0.1","0.0","0.1","0.0","6.3","99","4"
"Alumina and aluminum production and processing","=""331300""","Line Item","0.1","0.0","0.1","0.1","0.0","0.1","0.0","11.7","100","4"
"Nonferrous metal (except aluminum) production and processing","=""331400""","Line Item","0.1","0.0","0.1","0.1","0.0","0.1","0.0","10.9","101","4"
"Foundries","=""331500""","Line Item","0.1","0.0","0.1","0.1","0.0","0.1","0.0","-4.8","102","4"
"Fabricated metal product manufacturing","=""332000""","Summary","2.9","0.2","0.2","3.1","0.2","0.2","0.1","4.9","103","3"
"Fabricated metal product manufacturing (3323,4)","=""3320A2""","Line Item","0.6","0.0","0.1","0.7","0.0","0.1","0.1","12.1","104","4"
"Machine shops; turned product; and screw, nut, and bolt manufacturing","=""332700""","Summary","0.3","0.0","0.1","0.3","0.0","0.1","0.0","7.3","105","4"
"Machine shops","=""332710""","Line Item","0.2","0.0","0.1","0.3","0.0","0.1","0.0","10.7","106","5"
"Turned product and screw, nut, and bolt manufacturing","=""332720""","Line Item","0.1","0.0","0.1","0.1","0.0","0.1","0.0","-7.5","107","5"
"Coating, engraving, heat treating, and allied activities","=""332800""","Line Item","0.1","0.0","0.1","0.1","0.0","0.1","0.0","-0.1","108","4"
"Fabricated metal product manufacturing (3321,2,5,6,9)","=""3320A1""","Line Item","1.9","0.1","0.4","2.0","0.1","0.4","0.0","2.3","109","4"
"Machinery manufacturing","=""333000""","Summary","10.7","0.6","0.9","11.4","0.6","1.0","0.7","6.6","110","3"
"Commercial and service industry machinery manufacturing","=""333300""","Line Item","3.5","0.2","3.8","3.7","0.2","4.0","0.3","8.1","111","4"
"Metalworking machinery manufacturing","=""333500""","Line Item","0.6","0.0","0.3","0.6","0.0","0.4","0.0","2.0","112","4"
"Engine, turbine, and power transmission equipment manufacturing","=""333600""","Line Item","0.6","0.0","0.7","0.6","0.0","0.7","0.0","2.2","113","4"
"Machinery manufacturing (3331,2,4,9)","=""3330A1""","Line Item","6.1","0.4","0.8","6.5","0.3","0.8","0.4","6.6","114","4"
"Computer and electronic product manufacturing","=""334000""","Summary","90.0","5.3","8.1","99.1","5.0","8.4","9.1","10.1","115","3"
"Computer and peripheral equipment manufacturing","=""334100""","Line Item","26.6","1.6","16.3","29.0","1.5","17.1","2.5","9.4","116","4"
"Communications equipment manufacturing","=""334200""","Line Item","8.1","0.5","9.4","8.3","0.4","9.9","0.2","1.9","117","4"
"Audio and video equipment manufacturing","=""334300""","Line Item","0.9","0.1","4.8","0.9","0.0","5.1","-0.1","-5.4","118","4"
"Semiconductor and other electronic component manufacturing","=""334400""","Line Item","14.9","0.9","3.8","17.8","0.9","4.0","2.9","19.7","119","4"
"Navigational, measuring, electromedical, and control instruments manufacturing","=""334500""","Line Item","38.3","2.3","8.8","42.3","2.1","9.3","4.0","10.4","120","4"
"Manufacturing and reproducing magnetic and optical media","=""334600""","Line Item","1.2","0.1","10.2","0.8","0.0","10.7","-0.4","-34.4","121","4"
"Electrical equipment, appliance, and component manufacturing","=""335000""","Summary","3.6","0.2","0.9","4.5","0.2","0.9","0.9","24.9","122","3"
"Electric lighting equipment manufacturing","=""335100""","Line Item","0.3","0.0","0.7","0.3","0.0","0.8","0.0","-1.7","123","4"
"Household appliance manufacturing","=""335200""","Line Item","0.3","0.0","0.5","0.3","0.0","0.5","0.0","5.3","124","4"
"Electrical equipment manufacturing","=""335300""","Line Item","1.6","0.1","1.1","1.8","0.1","1.1","0.2","12.9","125","4"
"Other electrical equipment and component manufacturing","=""335900""","Line Item","1.5","0.1","0.9","2.2","0.1","1.0","0.7","46.4","126","4"
"Transportation equipment manufacturing","=""336000""","Summary","34.8","2.1","1.9","37.0","1.9","2.2","2.2","6.3","127","3"
"Motor vehicle manufacturing","=""336100""","Line Item","4.9","0.3","1.6","5.4","0.3","1.7","0.5","11.3","128","4"
"Motor vehicle body and trailer manufacturing","=""336200""","Line Item","0.1","0.0","0.0","0.1","0.0","0.0","0.0","9.1","129","4"
"Motor vehicle parts manufacturing","=""336300""","Line Item","2.6","0.2","0.4","2.1","0.1","0.5","-0.4","-16.3","130","4"
"Aerospace product and parts manufacturing","=""336400""","Line Item","26.4","1.6","4.9","28.4","1.4","5.2","2.0","7.6","131","4"
"Railroad rolling stock manufacturing","=""336500""","Line Item","0.2","0.0","0.7","0.1","0.0","0.7","0.0","-5.9","132","4"
"Ship and boat building","=""336600""","Line Item","0.6","0.0","0.4","0.7","0.0","0.4","0.1","10.7","133","4"
"Other transportation equipment manufacturing","=""336900""","Line Item","0.2","0.0","0.4","0.2","0.0","0.5","0.0","-8.6","134","4"
"Furniture and related product manufacturing","=""337000""","Summary","0.5","0.0","0.1","0.5","0.0","0.1","0.0","0.7","135","3"
"Furniture and related product manufacturing (3371,2)","=""3370A1""","Line Item","0.5","0.0","0.1","0.5","0.0","0.2","0.0","0.6","136","4"
"Miscellaneous manufacturing","=""339000""","Summary","4.1","0.2","0.7","4.6","0.2","0.7","0.5","12.0","138","3"
"Medical equipment and supplies manufacturing","=""339100""","Line Item","2.4","0.1","0.7","2.7","0.1","0.8","0.3","12.5","139","4"
"Other miscellaneous manufacturing","=""339900""","Summary","1.7","0.1","0.6","1.9","0.1","0.6","0.2","11.3","140","4"
"Wholesale trade","=""420000""","Summary","61.3","3.6","1.0","67.8","3.4","1.1","6.6","10.7","143","2"
"Merchant wholesalers, durable goods","=""423000""","Summary","47.3","2.8","1.4","52.5","2.6","1.5","5.2","10.9","144","3"
"Motor vehicle and motor vehicle parts and supplies merchant wholesalers","=""423100""","Line Item","1.7","0.1","0.4","1.8","0.1","0.5","0.1","6.8","145","4"
"Professional and commercial equipment and supplies merchant wholesalers","=""423400""","Line Item","32.2","1.9","4.3","36.1","1.8","4.6","3.8","11.9","146","4"
"Machinery, equipment, and supplies merchant wholesalers","=""423800""","Summary","3.7","0.2","0.5","4.0","0.2","0.5","0.3","7.9","147","4"
"Farm and garden machinery and equipment merchant wholesalers","=""423820""","Line Item","0.6","0.0","0.5","0.6","0.0","0.5","0.0","0.5","148","5"
"Merchant wholesalers, durable goods (4232,3,5,6,7,9)","=""4230A1""","Line Item","9.7","0.6","0.6","10.6","0.5","0.7","0.9","9.3","150","4"
"Merchant wholesalers, nondurable goods","=""424000""","Summary","4.8","0.3","0.2","5.4","0.3","0.2","0.5","11.2","151","3"
"Apparel, piece goods, and notions merchant wholesalers","=""424300""","Line Item","0.4","0.0","0.3","0.4","0.0","0.3","0.0","6.2","152","4"
"Farm product raw material merchant wholesalers","=""424500""","Line Item","0.1","0.0","0.1","0.1","0.0","0.1","0.0","2.5","153","4"
"Merchant wholesalers, nondurable goods (4242,6)","=""4240A2""","Line Item","2.4","0.1","0.6","2.7","0.1","0.6","0.3","13.4","154","4"
"Merchant wholesalers, nondurable goods (4244,8)","=""4240A1""","Line Item","0.9","0.1","0.1","1.0","0.0","0.1","0.1","10.7","155","4"
"Merchant wholesalers, nondurable goods (4241,7,9)","=""4240A3""","Line Item","1.1","0.1","0.2","1.2","0.1","0.2","0.1","9.2","156","4"
"Wholesale trade agents and brokers","=""425000""","Line Item","9.1","0.5","1.8","10.0","0.5","1.9","0.9","9.3","157","3"
"Retail trade","=""44-450""","Summary","10.3","0.6","0.1","10.7","0.5","0.1","0.4","4.0","158","2"
"Motor vehicle and parts dealers","=""441000""","Summary","0.8","0.0","0.0","0.8","0.0","0.0","0.0","6.3","159","3"
"Automobile dealers","=""441100""","Line Item","0.6","0.0","0.0","0.6","0.0","0.0","0.0","6.6","160","4"
"Automotive parts, accessories, and tire retailers","=""441300""","Line Item","0.2","0.0","0.0","0.2","0.0","0.0","0.0","5.4","162","4"
"Food and beverage retailers","=""445000""","Summary","0.3","0.0","0.0","0.3","0.0","0.0","0.0","1.5","163","3"
"Grocery and specialty food retailers","=""4450A1""","Line Item","0.3","0.0","0.0","0.3","0.0","0.0","0.0","1.3","164","4"
"General merchandise retailers","=""455000""","Line Item","1.4","0.1","0.0","1.4","0.1","0.0","0.0","1.4","166","3"
"All other retail trade (444, 449, 456-9)","=""4445R0""","Summary","7.8","0.5","0.1","8.2","0.4","0.1","0.3","4.3","167","3"
"Building material and garden equipment and supplies dealers","=""444000""","Summary","0.2","0.0","0.0","0.2","0.0","0.0","0.0","10.2","168","4"
"Building material and supplies dealers","=""444100""","Line Item","0.2","0.0","0.0","0.2","0.0","0.0","0.0","9.8","169","5"
"Furniture, home furnishings, electronics, and appliance retailers","=""449000""","Summary","1.2","0.1","0.1","1.2","0.1","0.1","0.0","-0.6","171","4"
"Furniture and home furnishings retailers","=""449100""","Line Item","0.4","0.0","0.1","0.4","0.0","0.1","0.0","7.3","172","5"
"Electronics and appliance retailers","=""449200""","Line Item","0.8","0.0","0.2","0.8","0.0","0.2","0.0","-4.2","173","5"
"Health and personal care retailers","=""456000""","Summary","2.1","0.1","0.2","2.2","0.1","0.2","0.1","6.9","174","4"
"Health and personal care retailers","=""456100""","Summary","2.1","0.1","0.2","2.2","0.1","0.2","0.1","6.9","175","5"
"Pharmacies and drug retailers","=""456110""","Line Item","1.6","0.1","0.2","1.6","0.1","0.2","0.1","5.6","176","6"
"Clothing, clothing accessories, shoe, and jewelry retailers","=""458000""","Summary","1.1","0.1","0.1","1.1","0.1","0.1","0.0","-0.3","181","4"
"Clothing and clothing accessories retailers","=""458100""","Line Item","0.9","0.1","0.1","0.9","0.0","0.1","0.0","-0.4","182","5"
"Sporting goods, hobby, musical instrument, book, and miscellaneous retailers","=""459000""","Summary","3.2","0.2","0.2","3.4","0.2","0.2","0.2","5.8","185","4"
"Sporting goods retailers","=""459110""","Line Item","0.4","0.0","0.1","0.4","0.0","0.1","0.0","11.7","186","5"
"Miscellaneous store retailers (4594 and 4595 only)","=""4590A1""","Line Item","0.8","0.0","0.2","0.8","0.0","0.2","0.0","-0.8","190","5"
"Other miscellaneous retailers","=""459900""","Line Item","1.8","0.1","0.4","2.0","0.1","0.4","0.2","8.6","191","5"
"Transportation and warehousing","=""48-490""","Summary","9.5","0.6","0.1","10.6","0.5","0.2","1.1","12.0","192","2"
"Air transportation","=""481000""","Summary","1.2","0.1","0.2","1.3","0.1","0.2","0.1","10.3","193","3"
"Scheduled air transportation","=""481100""","Line Item","1.1","0.1","0.2","1.2","0.1","0.2","0.1","10.0","194","4"
"Nonscheduled air transportation","=""481200""","Line Item","0.1","0.0","0.2","0.1","0.0","0.2","0.0","12.4","195","4"
"Rail transportation","=""482000""","Line Item","0.9","0.1","0.6","0.9","0.0","0.6","0.1","6.2","196","3"
"Water transportation","=""483000""","Summary","0.2","0.0","0.3","0.2","0.0","0.3","0.0","9.3","197","3"
"Deep sea, coastal, and great lakes water transportation","=""483100""","Line Item","0.1","0.0","0.3","0.1","0.0","0.3","0.0","9.7","198","4"
"Inland water transportation","=""483200""","Line Item","0.1","0.0","0.2","0.1","0.0","0.2","0.0","8.7","199","4"
"Truck transportation","=""484000""","Line Item","0.6","0.0","0.0","0.7","0.0","0.0","0.0","7.6","200","3"
"Transit and ground passenger transportation","=""485000""","Summary","1.7","0.1","0.4","1.7","0.1","0.4","0.0","-1.3","201","3"
"Taxi and limousine service","=""485300""","Line Item","1.7","0.1","2.9","1.7","0.1","3.0","0.0","-1.7","204","4"
"Pipeline transportation","=""486000""","Summary","0.1","0.0","0.2","0.1","0.0","0.2","0.0","11.3","208","3"
"Pipeline transportation of natural gas","=""486200""","Line Item","0.1","0.0","0.2","0.1","0.0","0.2","0.0","12.7","210","4"
"Scenic and sightseeing transportation and support activities for transportation","=""487-80""","Summary","2.6","0.2","0.3","3.0","0.1","0.3","0.4","14.9","212","3"
"Support activities for transportation","=""488000""","Summary","2.6","0.2","0.3","3.0","0.1","0.3","0.4","14.9","217","4"
"Support activities for air transportation","=""488100""","Line Item","0.7","0.0","0.3","0.8","0.0","0.3","0.1","11.7","218","5"
"Support activities for rail transportation","=""488200""","Line Item","0.1","0.0","0.3","0.1","0.0","0.3","0.0","7.1","219","5"
"Freight transportation arrangement","=""488500""","Line Item","1.6","0.1","0.6","1.9","0.1","0.6","0.3","17.3","222","5"
"Other support activities for transportation","=""488900""","Line Item","0.1","0.0","0.3","0.1","0.0","0.3","0.0","11.6","223","5"
"Couriers and messengers","=""492000""","Summary","0.6","0.0","0.1","0.7","0.0","0.1","0.1","17.0","224","3"
"Couriers and express delivery services","=""492100""","Line Item","0.3","0.0","0.0","0.3","0.0","0.0","0.0","17.8","225","4"
"Local messengers and local delivery","=""492200""","Line Item","0.3","0.0","0.2","0.4","0.0","0.2","0.1","16.5","226","4"
"Warehousing and storage","=""493000""","Line Item","1.6","0.1","0.1","2.1","0.1","0.1","0.4","26.0","227","3"
"Information","=""510000""","Summary","339.0","20.0","11.2","413.6","20.7","12.8","74.7","22.0","228","2"
"Motion picture and sound recording industries","=""512000""","Summary","2.6","0.2","0.6","3.0","0.2","0.7","0.4","16.0","229","3"
"Motion picture and video industries","=""512100""","Summary","2.5","0.1","0.6","2.8","0.1","0.7","0.4","16.3","230","4"
"Sound recording industries","=""512200""","Line Item","0.1","0.0","0.6","0.2","0.0","0.7","0.0","10.9","233","4"
"Publishing, broadcasting, and content providers","=""5136-9""","Summary","336.4","19.9","12.9","410.6","20.6","14.7","74.3","22.1","234","3"
"Software publishers","=""513200""","Line Item","165.8","9.8","25.3","208.4","10.4","26.4","42.6","25.7","235","4"
"Miscellaneous information services (5131, 516, 519)","=""5136A9""","Summary","78.8","4.7","9.7","91.6","4.6","11.2","12.9","16.4","236","4"
"Newspaper publishers","=""513110""","Line Item","0.8","0.0","0.9","0.7","0.0","0.9","-0.1","-15.4","237","5"
"Radio broadcasting stations","=""516110""","Line Item","0.2","0.0","0.3","0.2","0.0","0.4","0.0","4.4","239","5"
"Television broadcasting stations","=""516120""","Line Item","0.4","0.0","0.6","0.4","0.0","0.6","0.0","4.1","240","5"
"Media streaming distribution services, social networks, and other media networks and content providers","=""516210""","Line Item","25.5","1.5","11.2","28.5","1.4","11.9","3.0","11.7","241","5"
"Web search portals, libraries, archives, and other information services","=""519000""","Line Item","43.6","2.6","24.3","53.7","2.7","25.4","10.0","23.0","242","5"
"Telecommunications","=""517000""","Line Item","16.7","1.0","2.6","16.3","0.8","2.7","-0.4","-2.6","243","4"
"Computing infrastructure providers, data processing, web hosting, and related services","=""518000""","Line Item","75.1","4.4","15.3","94.3","4.7","16.1","19.2","25.5","244","4"
"Finance and insurance","=""520000""","Summary","161.9","9.6","2.4","183.1","9.2","2.6","21.3","13.1","245","2"
"Monetary authorities - central bank, and credit intermediation and related activities","=""521-20""","Summary","65.6","3.9","2.5","72.5","3.6","2.7","7.0","10.6","246","3"
"Monetary authorities-central bank","=""521000""","Line Item","1.1","0.1","5.0","1.2","0.1","5.2","0.0","3.2","247","4"
"Credit intermediation and related activities","=""522000""","Summary","64.4","3.8","2.4","71.3","3.6","2.7","6.9","10.8","248","4"
"Nondepository credit intermediation","=""522200""","Summary","11.5","0.7","2.1","12.6","0.6","2.3","1.1","10.0","249","5"
"Other nondepository credit intermediation","=""522290""","Line Item","5.6","0.3","1.5","6.3","0.3","1.6","0.7","11.8","250","6"
"Credit intermediation and related activities (5221,3)","=""5220A1""","Line Item","52.9","3.1","2.5","58.7","2.9","2.8","5.8","10.9","252","5"
"Insurance carriers and related activities","=""524000""","Summary","69.6","4.1","2.3","77.5","3.9","2.5","8.0","11.5","253","3"
"Insurance carriers","=""524100""","Summary","52.4","3.1","3.2","57.6","2.9","3.5","5.2","9.9","254","4"
"Direct health and medical insurance carriers","=""524114""","Line Item","16.1","0.9","2.7","18.3","0.9","2.9","2.3","14.1","255","5"
"Direct insurance (except life, health, and medical) carriers","=""524120""","Line Item","22.2","1.3","3.3","24.3","1.2","3.6","2.1","9.2","256","5"
"Agencies, brokerages, and other insurance related activities","=""524200""","Summary","17.2","1.0","1.3","20.0","1.0","1.4","2.8","16.1","258","4"
"Insurance agencies and brokerages","=""524210""","Line Item","8.9","0.5","0.9","10.3","0.5","1.0","1.4","15.6","259","5"
"Other insurance related activities","=""524290""","Line Item","8.3","0.5","2.1","9.7","0.5","2.4","1.4","16.6","260","5"
"Securities, commodity contracts, fund, trusts and other financial investments and vehicles and related activities","=""523,50""","Summary","26.8","1.6","2.4","33.1","1.7","2.6","6.3","23.6","261","3"
"Securities, commodity contracts, and other financial investments and related activities","=""523000""","Line Item","26.3","1.6","2.4","32.5","1.6","2.6","6.2","23.8","262","4"
"Funds, trusts, and other financial vehicles","=""525000""","Summary","0.5","0.0","1.7","0.6","0.0","1.8","0.1","15.2","263","4"
"Insurance and employee benefit funds","=""525100""","Line Item","0.2","0.0","1.5","0.2","0.0","1.6","0.0","15.3","264","5"
"Other investment pools and funds","=""525900""","Line Item","0.3","0.0","1.8","0.4","0.0","1.9","0.1","15.2","265","5"
"Real estate and rental and leasing","=""530000""","Summary","4.6","0.3","0.2","5.0","0.3","0.2","0.5","10.0","266","2"
"Real estate","=""531000""","Line Item","3.7","0.2","0.2","4.1","0.2","0.2","0.4","10.8","267","3"
"Rental and leasing services","=""532000""","Summary","0.7","0.0","0.1","0.8","0.0","0.1","0.1","9.3","268","3"
"Automotive equipment rental and leasing","=""532100""","Line Item","0.1","0.0","0.1","0.1","0.0","0.1","0.0","15.3","269","4"
"Rental and leasing services (5322,3,4)","=""5320A1""","Line Item","0.6","0.0","0.2","0.6","0.0","0.2","0.0","8.1","270","4"
"Lessors of nonfinancial intangible assets (except copyrighted works)","=""533000""","Line Item","0.2","0.0","0.9","0.2","0.0","1.0","0.0","-1.0","271","3"
"Professional, scientific, and technical services","=""540000""","Summary","713.7","42.2","6.6","877.2","44.0","7.3","163.5","22.9","272","2"
"Professional, scientific, and technical services","=""541000""","Summary","713.7","42.2","6.6","877.2","44.0","7.3","163.5","22.9","273","3"
"Legal services","=""541100""","Line Item","1.8","0.1","0.2","2.0","0.1","0.2","0.2","10.9","274","4"
"Accounting, tax preparation, bookkeeping, and payroll services","=""541200""","Line Item","8.8","0.5","0.8","9.8","0.5","0.8","0.9","10.6","275","4"
"Architectural, engineering, and related services","=""541300""","Summary","38.5","2.3","2.3","42.7","2.1","2.5","4.2","10.8","276","4"
"Engineering services","=""541330""","Line Item","36.4","2.2","3.2","40.3","2.0","3.4","3.9","10.8","278","5"
"Testing laboratories and services","=""541380""","Line Item","1.2","0.1","0.7","1.3","0.1","0.7","0.1","10.5","280","5"
"Specialized design services","=""541400""","Line Item","1.0","0.1","0.6","1.1","0.1","0.7","0.1","10.5","281","4"
"Computer systems design and related services","=""541500""","Line Item","540.5","31.9","21.6","668.5","33.5","22.4","128.0","23.7","282","4"
"Management, scientific, and technical consulting services","=""541600""","Line Item","57.9","3.4","3.1","68.8","3.4","3.3","11.0","18.9","283","4"
"Scientific research and development services","=""541700""","Summary","48.9","2.9","5.2","65.0","3.3","6.2","16.1","33.0","284","4"
"Research and development in the physical, engineering, and life sciences","=""541710""","Line Item","48.0","2.8","5.5","64.0","3.2","6.5","16.0","33.3","285","5"
"Research and development in the social sciences and humanities","=""541720""","Line Item","0.9","0.1","1.3","1.0","0.0","1.3","0.1","11.9","286","5"
"Advertising, public relations, and related services","=""541800""","Line Item","6.1","0.4","1.2","6.9","0.3","1.3","0.8","13.5","287","4"
"Other professional, scientific, and technical services","=""541900""","Summary","10.2","0.6","1.2","12.4","0.6","1.2","2.2","21.5","288","4"
"Photographic services","=""541920""","Line Item","0.1","0.0","0.3","0.1","0.0","0.3","0.0","-3.5","289","5"
"Veterinary services","=""541940""","Line Item","0.1","0.0","0.0","0.1","0.0","0.0","0.0","26.7","290","5"
"Management of companies and enterprises","=""550000""","Summary","79.8","4.7","3.1","90.3","4.5","3.3","10.5","13.1","292","2"
"Management of companies and enterprises","=""551000""","Line Item","79.8","4.7","3.1","90.3","4.5","3.3","10.5","13.1","293","3"
"Administrative and support and waste management and remediation services","=""560000""","Summary","64.8","3.8","0.7","71.6","3.6","0.7","6.9","10.6","294","2"
"Administrative and support services","=""561000""","Summary","64.6","3.8","0.7","71.5","3.6","0.8","6.9","10.6","295","3"
"Office administrative services","=""561100""","Line Item","13.5","0.8","2.2","16.3","0.8","2.4","2.8","20.7","296","4"
"Facilities support services","=""561200""","Line Item","0.2","0.0","0.1","0.2","0.0","0.1","0.0","18.9","297","4"
"Employment services","=""561300""","Summary","38.6","2.3","1.1","40.9","2.0","1.1","2.3","5.9","298","4"
"Temporary help services","=""561320""","Line Item","26.6","1.6","0.9","28.8","1.4","1.0","2.3","8.5","299","5"
"Business support services","=""561400""","Line Item","5.3","0.3","0.7","6.0","0.3","0.8","0.7","13.0","301","4"
"Travel arrangement and reservation services","=""561500""","Line Item","3.9","0.2","2.0","4.5","0.2","2.2","0.6","15.3","302","4"
"Investigation and security services","=""561600""","Summary","1.6","0.1","0.2","1.9","0.1","0.2","0.3","18.3","303","4"
"Investigation, guard, and armored car services","=""561610""","Line Item","0.3","0.0","0.0","0.3","0.0","0.0","0.1","21.1","304","5"
"Security systems services","=""561620""","Line Item","1.3","0.1","0.8","1.6","0.1","0.9","0.2","17.8","305","5"
"Other support services","=""561900""","Line Item","1.5","0.1","0.4","1.6","0.1","0.5","0.2","11.3","310","4"
"Waste management and remediation services","=""562000""","Summary","0.1","0.0","0.0","0.2","0.0","0.0","0.0","14.0","311","3"
"Waste treatment and disposal","=""562200""","Line Item","0.1","0.0","0.1","0.1","0.0","0.1","0.0","11.3","313","4"
"Remediation and other waste management services","=""562900""","Line Item","0.1","0.0","0.0","0.1","0.0","0.0","0.0","16.7","314","4"
"Educational services; state, local, and private","=""610000""","Summary","24.5","1.4","0.2","26.6","1.3","0.2","2.1","8.6","315","2"
"Educational services; state, local, and private","=""611000""","Summary","24.5","1.4","0.2","26.6","1.3","0.2","2.1","8.6","316","3"
"Educational services; private","=""6110P0""","Summary","13.1","0.8","0.3","14.0","0.7","0.4","1.0","7.4","317","4"
"Elementary and secondary schools; private","=""61110P""","Line Item","0.2","0.0","0.0","0.2","0.0","0.0","0.0","5.7","318","5"
"Junior colleges, colleges, universities, and professional schools; private (6112,3)","=""6110P1""","Summary","5.7","0.3","0.3","6.0","0.3","0.3","0.3","5.9","319","5"
"Colleges, universities, and professional schools; private","=""61130P""","Line Item","5.7","0.3","0.3","6.0","0.3","0.3","0.3","5.9","321","6"
"Other educational services; private (6114-7)","=""6110P2""","Summary","7.2","0.4","0.8","7.8","0.4","0.8","0.6","8.6","322","5"
"Business schools and computer and management training; private","=""61140P""","Line Item","2.8","0.2","3.1","3.0","0.2","3.3","0.3","9.2","323","6"
"Technical and trade schools; private","=""61150P""","Line Item","0.7","0.0","0.6","0.7","0.0","0.6","0.0","6.8","324","6"
"Other schools and instruction; private","=""61160P""","Line Item","0.8","0.0","0.2","0.9","0.0","0.2","0.1","8.2","325","6"
"Educational support services; private","=""61170P""","Line Item","2.9","0.2","1.5","3.2","0.2","1.6","0.2","8.5","326","6"
"Educational services; state and local","=""6110Y0""","Summary","11.4","0.7","0.1","12.5","0.6","0.1","1.1","10.0","327","4"
"Elementary and secondary schools; local","=""61110L""","Line Item","1.7","0.1","0.0","1.8","0.1","0.0","0.1","4.0","329","5"
"Junior colleges, colleges, universities, and professional schools; state and local (6112,3)","=""6110Y1""","Summary","9.3","0.6","0.3","10.3","0.5","0.3","1.0","10.6","330","5"
"Junior colleges; state","=""61120S""","Line Item","0.2","0.0","0.1","0.2","0.0","0.1","0.0","7.5","331","6"
"Junior colleges; local","=""61120L""","Line Item","0.4","0.0","0.1","0.4","0.0","0.1","0.0","6.6","332","6"
"Colleges, universities, and professional schools; state","=""61130S""","Line Item","8.6","0.5","0.4","9.5","0.5","0.4","0.9","10.7","333","6"
"Colleges, universities, and professional schools; local","=""61130L""","Line Item","0.2","0.0","0.3","0.2","0.0","0.3","0.0","17.2","334","6"
"Other educational services; state and local (6114-7)","=""6110Y2""","Summary","0.3","0.0","0.4","0.4","0.0","0.4","0.1","24.0","335","5"
"Educational support services; local","=""61170L""","Line Item","0.2","0.0","0.5","0.3","0.0","0.5","0.1","28.5","343","6"
"Healthcare and social assistance","=""620000""","Summary","13.1","0.8","0.1","14.7","0.7","0.1","1.6","12.4","344","2"
"Ambulatory healthcare services","=""621000""","Summary","5.4","0.3","0.1","6.3","0.3","0.1","0.9","16.2","345","3"
"Offices of physicians","=""621100""","Line Item","1.2","0.1","0.0","1.4","0.1","0.0","0.1","9.8","346","4"
"Offices of other health practitioners","=""621300""","Summary","0.2","0.0","0.0","0.3","0.0","0.0","0.0","21.8","348","4"
"Offices of all other health practitioners","=""621390""","Line Item","0.1","0.0","0.1","0.1","0.0","0.1","0.0","17.3","353","5"
"Outpatient care centers","=""621400""","Summary","0.8","0.0","0.1","1.0","0.1","0.1","0.2","24.2","354","4"
"Outpatient mental health and substance abuse centers","=""621420""","Line Item","0.1","0.0","0.0","0.1","0.0","0.0","0.0","28.2","355","5"
"Medical and diagnostic laboratories","=""621500""","Line Item","2.1","0.1","0.7","2.4","0.1","0.7","0.3","13.2","357","4"
"Home healthcare services","=""621600""","Line Item","0.2","0.0","0.0","0.2","0.0","0.0","0.0","26.7","358","4"
"Other ambulatory healthcare services","=""621900""","Summary","0.8","0.0","0.2","1.0","0.1","0.3","0.2","21.6","359","4"
"All other ambulatory healthcare services","=""621990""","Line Item","0.8","0.0","0.4","1.0","0.0","0.5","0.2","22.0","361","5"
"Hospitals; state, local, and private","=""622000""","Summary","6.6","0.4","0.1","7.2","0.4","0.1","0.6","9.5","362","3"
"Hospitals; private","=""6220P0""","Summary","5.1","0.3","0.1","5.6","0.3","0.1","0.5","9.9","363","4"
"General medical and surgical hospitals; private","=""62210P""","Line Item","4.7","0.3","0.1","5.2","0.3","0.1","0.4","9.3","364","5"
"Specialty (except psychiatric and substance abuse) hospitals; private","=""62230P""","Line Item","0.4","0.0","0.1","0.4","0.0","0.1","0.1","17.2","366","5"
"Hospitals; state and local","=""6220Y0""","Summary","1.5","0.1","0.1","1.6","0.1","0.1","0.1","7.9","367","4"
"General medical and surgical hospitals; state","=""62210S""","Line Item","0.7","0.0","0.3","0.8","0.0","0.3","0.1","8.7","368","5"
"General medical and surgical hospitals; local","=""62210L""","Line Item","0.7","0.0","0.1","0.7","0.0","0.1","0.1","7.5","369","5"
"Nursing and residential care facilities","=""623000""","Summary","0.2","0.0","0.0","0.2","0.0","0.0","0.0","6.4","374","3"
"Nursing care facilities (skilled nursing facilities)","=""623100""","Line Item","0.1","0.0","0.0","0.1","0.0","0.0","0.0","3.3","375","4"
"Other residential care facilities","=""623900""","Line Item","0.1","0.0","0.0","0.1","0.0","0.0","0.0","6.4","380","4"
"Social assistance","=""624000""","Summary","1.0","0.1","0.0","1.1","0.1","0.0","0.1","12.4","381","3"
"Individual and family services","=""624100""","Summary","0.6","0.0","0.0","0.7","0.0","0.0","0.1","18.2","382","4"
"Services for the elderly and persons with disabilities","=""624120""","Line Item","0.2","0.0","0.0","0.2","0.0","0.0","0.0","33.1","383","5"
"Community food and housing, emergency and other relief services, and vocational rehabilitation services","=""6242-3""","Summary","0.4","0.0","0.1","0.4","0.0","0.1","0.0","3.8","385","4"
"Community food and housing, and emergency and other relief services","=""624200""","Line Item","0.2","0.0","0.1","0.2","0.0","0.1","0.0","13.4","386","5"
"Vocational rehabilitation services","=""624300""","Line Item","0.2","0.0","0.1","0.2","0.0","0.1","0.0","-5.9","387","5"
"Arts, entertainment, and recreation","=""710000""","Summary","1.3","0.1","0.1","1.4","0.1","0.1","0.1","7.3","389","2"
"Performing arts, spectator sports, and related industries","=""711000""","Summary","0.6","0.0","0.1","0.6","0.0","0.1","0.1","12.3","390","3"
"Spectator sports","=""711200""","Line Item","0.2","0.0","0.1","0.2","0.0","0.1","0.0","10.6","394","4"
"Promoters of performing arts and sports, and agents for public figures","=""7113-4""","Summary","0.2","0.0","0.1","0.3","0.0","0.1","0.0","18.0","395","4"
"Promoters of performing arts, sports, and similar events","=""711300""","Line Item","0.1","0.0","0.1","0.2","0.0","0.1","0.0","19.6","396","5"
"Independent artists, writers, and performers","=""711500""","Line Item","0.1","0.0","0.2","0.1","0.0","0.2","0.0","2.9","398","4"
"Museums, historical sites, and similar institutions","=""712000""","Line Item","0.1","0.0","0.1","0.1","0.0","0.1","0.0","20.3","399","3"
"Amusement, gambling, and recreation industries","=""713000""","Summary","0.6","0.0","0.0","0.6","0.0","0.0","0.0","0.1","400","3"
"Other amusement and recreation industries","=""713900""","Summary","0.1","0.0","0.0","0.1","0.0","0.0","0.0","12.8","403","4"
"Accommodation and food services","=""720000""","Summary","0.3","0.0","0.0","0.3","0.0","0.0","0.0","16.1","406","2"
"Accommodation","=""721000""","Summary","0.3","0.0","0.0","0.3","0.0","0.0","0.0","16.6","407","3"
"Traveler accommodation","=""721100""","Summary","0.2","0.0","0.0","0.3","0.0","0.0","0.0","16.7","408","4"
"Casino hotels","=""721120""","Line Item","0.1","0.0","0.0","0.1","0.0","0.0","0.0","12.0","409","5"
"Other services (except public administration)","=""810000""","Summary","8.4","0.5","0.1","9.3","0.5","0.1","0.9","10.7","419","2"
"Repair and maintenance","=""811000""","Summary","1.7","0.1","0.1","1.9","0.1","0.1","0.2","9.9","420","3"
"Automotive repair and maintenance","=""811100""","Summary","0.2","0.0","0.0","0.2","0.0","0.0","0.0","8.3","421","4"
"Automotive mechanical and electrical repair and maintenance","=""811110""","Line Item","0.1","0.0","0.0","0.1","0.0","0.0","0.0","8.0","422","5"
"Electronic and precision equipment repair and maintenance","=""811200""","Line Item","0.9","0.1","0.9","1.0","0.1","0.9","0.1","7.8","425","4"
"Commercial and industrial machinery and equipment (except automotive and electronic) repair and maintenance","=""811300""","Line Item","0.6","0.0","0.2","0.6","0.0","0.2","0.1","13.9","426","4"
"Personal and laundry services","=""812000""","Summary","0.6","0.0","0.0","0.7","0.0","0.0","0.1","22.4","428","3"
"Other personal services","=""812900""","Line Item","0.5","0.0","0.1","0.6","0.0","0.1","0.1","23.3","432","4"
"Religious, grantmaking, civic, professional, and similar organizations","=""813000""","Summary","6.2","0.4","0.2","6.8","0.3","0.2","0.6","9.9","433","3"
"Grantmaking and giving services and social advocacy organizations","=""8132-3""","Summary","1.4","0.1","0.3","1.6","0.1","0.3","0.2","13.6","435","4"
"Grantmaking and giving services","=""813200""","Line Item","0.7","0.0","0.4","0.8","0.0","0.4","0.1","13.1","436","5"
"Social advocacy organizations","=""813300""","Line Item","0.6","0.0","0.2","0.7","0.0","0.2","0.1","14.2","437","5"
"Civic, social, professional, and similar organizations","=""8134-9""","Summary","3.0","0.2","0.4","3.3","0.2","0.4","0.3","9.7","438","4"
"Civic and social organizations","=""813400""","Line Item","0.1","0.0","0.0","0.2","0.0","0.0","0.0","12.6","439","5"
"Business, professional, labor, political, and similar organizations","=""813900""","Summary","2.8","0.2","0.6","3.1","0.2","0.7","0.3","9.6","440","5"
"Government","=""900000""","Summary","18.9","1.1","0.2","20.5","1.0","0.2","1.6","8.5","444","2"
"Federal government","=""910000""","Summary","0.4","0.0","0.0","0.4","0.0","0.0","0.0","2.7","445","3"
"Postal service","=""491000""","Line Item","0.3","0.0","0.0","0.3","0.0","0.1","0.0","1.8","446","4"
"Federal government, excluding postal service","=""999100""","Line Item","0.1","0.0","0.0","0.1","0.0","0.0","0.0","5.1","447","4"
"State and local government, excluding education and hospitals","=""9992-3""","Summary","18.5","1.1","0.2","20.1","1.0","0.2","1.6","8.7","448","3"
"State government, excluding education and hospitals","=""999200""","Line Item","9.0","0.5","0.4","9.7","0.5","0.4","0.7","7.9","449","4"
"Local government, excluding education and hospitals","=""999300""","Line Item","9.5","0.6","0.2","10.4","0.5","0.2","0.9","9.4","450","4"
